<?xml version="1.0" encoding="UTF-8"?>
<!DOCTYPE mapper PUBLIC "-//mybatis.org//DTD Mapper 3.0//EN" "http://mybatis.org/dtd/mybatis-3-mapper.dtd">

<mapper namespace="kr.happyjob.study.system.dao.ComnComboDao">




	<!-- 로그인 사용자 강의목록 조회 -->
	<select id="selectlecbyuserlist" resultType="kr.happyjob.study.system.model.comcombo">
		/*kr.happyjob.study.system.dao.ComnComboDao.selectlecbyuserlist*/
			select lec_no as cd
			        ,lec_name as name
			  from tb_lecture 
			where lec_prof = #{loginId}
			 order by lec_no
	</select>
  

    <!-- 사용자  목록 조회 -->
  <select id="selectuserlist" resultType="kr.happyjob.study.system.model.comcombo">
    /*kr.happyjob.study.system.dao.ComnComboDao.selectdivproductlist*/
			select loginID as cd
			       ,name
			  from tb_userinfo
			 <where>
			  <if test="(code != null) and (!code.equals(''))">
			      AND user_type = #{code}
			  </if>
			</where>  
			 order by loginID
  </select>   
  
     <!-- 시험  목록 조회 -->
  <select id="selecttestlist" resultType="kr.happyjob.study.system.model.comcombo">
    /*kr.happyjob.study.system.dao.ComnComboDao.selecttestlist*/
			select test_no as cd
			       ,test_name as name
			  from tb_tests
			 order by test_no
  </select>  
 
     <!-- 설문  목록 조회 -->
  <select id="selectsurveylist" resultType="kr.happyjob.study.system.model.comcombo">
    /*kr.happyjob.study.system.dao.ComnComboDao.selectsurveylist*/
			select sv_no as cd
			       ,sv_name as name
			  from tb_survey
			 order by sv_no
  </select>

  
  
</mapper>