<?xml version="1.0" encoding="UTF-8"?>
<!DOCTYPE mapper PUBLIC "-//mybatis.org//DTD Mapper 3.0//EN" "http://mybatis.org/dtd/mybatis-3-mapper.dtd">

<mapper namespace="kr.happyjob.study.exmexm.dao.ExmExmDao">


<!--  시험 목록 조회 -->
				<select id="examlist" resultType="kr.happyjob.study.exmexm.model.ExamManageModel">
						
								 select  test_no
											,test_name

								from  tb_tests
								
								LIMIT #{pageIndex}, #{pageSize}

					
				</select>
				

<!--  시험 카운트 조회 -->
				<select id="countexamlist" resultType="int">
	
						select count(*)
			        		  from tb_tests 
			      			
				 </select>
				 
<!--  시험 하나 선택 조회 -->		 
					
				 <select id="examselectone"   resultType="kr.happyjob.study.exmexm.model.ExamManageModel">
				 
				    			 select  test_no
											,test_name
					
									from  tb_tests 
							    		    where  test_no =  #{test_no}               
			    	</select>
			    	
<!-- 시험 등록  -->	
			    	
			    		<insert id="examinsert">
	
								    <selectKey resultType="int" keyProperty="no" order="BEFORE">
							             select ifnull(max(test_no),0) + 1 from tb_tests
							        </selectKey>   
							        
								    insert into tb_tests 
								    				(
								    					 test_no 
								    					 ,test_name
								    					 ) 
								    
										    values (
										                #{no}
										               ,#{test_name}  
										               ) 
								                 
			     		</insert>	
					
<!-- 시험 등록 수정  -->
					
					
					<update id="examupdate">
						    update tb_tests
						         set  test_no =  #{test_no}  
						              , test_name =  #{test_name}   
									     	           					 
							     where  test_no =  #{test_no}  
					</update>
					
<!-- 시험 등록 삭제  -->
						
					<delete id="examdelete">
							    delete from tb_tests
							 		   where  test_no =  #{test_no}  
					</delete>
					
					

	 
	 
	 
	 
	 
<!--  시험 상세 문제 목록 조회 -->


				<select id="examdetail" resultType="kr.happyjob.study.exmexm.model.ExamManageModel">
						
								 select          test_no
													 ,que_no
											 		 ,que_content
													 ,opt_1
													 ,opt_2
													 ,opt_3
													 ,opt_4
								     from tb_testinfo 
								     
							  where  test_no =  #{test_no}     

								LIMIT #{pageIndex}, #{pageSize}
					
				</select>
				
				
				
<!--  시험 카운트 문항 조회 -->
				<select id="countquelist" resultType="int">
	
						select count(*)
			        		  from tb_testinfo	 
			        		WHERE  test_no =  #{test_no}    		
				 </select>
				
				
<!--  시험 문항 선택 조회 -->		 
					
				 <select id="examdetailone"   resultType="kr.happyjob.study.exmexm.model.ExamManageModel">
				 
				    		 select  	 tt.test_no 
				    			 			,tt.test_name 
				    			 			,ti.que_no
											,ti.que_content
											,ti.opt_1
											,ti.opt_2
											,ti.opt_3
											,ti.opt_4
											,ti.answer
											,ti.score
					
							from  tb_testinfo ti
									inner join tb_tests tt ON tt.test_no = ti.test_no
									
							 where    ti.test_no = #{test_no}
							     AND que_no =  #{que_no}  
					   	
												  					
							    		                 
			    	</select>

	 
	<!-- 시험 상세 등록  -->
					
	
						<insert id="queinsert" >
						
									<selectKey resultType="int" keyProperty="num" order="BEFORE">
							               select ifnull(max(que_no),0) + 1 from tb_testinfo
							                 where test_no = #{dt_test_no}
							        </selectKey>   
								        
								    insert into tb_testinfo
								    				(
								    					  test_no 
								    					 ,que_no
								    					 ,que_content
								    					 ,opt_1
								    					 ,opt_2
								    					 ,opt_3
								    					 ,opt_4
								    					 ,answer
								    					 ,score
								    					 ) 
								    
										    values (
										                #{dt_test_no}
										                ,#{num}
										               ,#{que_content}  
										               ,#{opt_1}  
										               ,#{opt_2}  
										               ,#{opt_3}  
										               ,#{opt_4}  
										               ,#{answer}  
										               ,#{score}  
										               ) 
									   
								                 
			     		</insert>	
			     		
			     		
<!-- 시험 문항 수정  -->
					
					
					<update id="queupdate">
						    update tb_testinfo
						         set  
						                que_no =  #{que_no}   
						              , que_content =  #{que_content}   
						              , opt_1 =  #{opt_1}   
						              , opt_2 =  #{opt_2}   
						              , opt_3 =  #{opt_3}   
						              , opt_4 =  #{opt_4}   
						              , answer =  #{answer}   
						              , score =  #{score}   
							   where  que_no =  #{que_no}  
					   				  and  test_no =  #{dt_test_no} 
					</update>
					
					
<!-- 시험 문항 삭제  -->
						
					<delete id="quedelete">
							    delete from tb_testinfo
							 		   where  que_no =  #{que_no}  
							 		            and  test_no =  #{dt_test_no} 
					</delete>



	
	
	
	
</mapper>